{"timestamps": [1511504957.954834, 1511504960.755178, 1511504962.842829, 1511504964.838526, 1511504966.782978, 1511504968.732843, 1511504970.75648, 1511504972.821863, 1511504975.57147, 1511504977.694048, 1511504979.757327, 1511504981.800973, 1511504983.901522, 1511504986.026979, 1511504988.129015, 1511504990.196872], "initial_reset_timestamp": 1511504955.255797, "episode_lengths": [601, 601, 601, 601, 601, 601, 601, 601, 601, 601, 601, 601, 601, 601, 601, 601], "episode_rewards": [-110.0, -180.0, -200.0, -70.0, 70.0, -460.0, 10.0, -210.0, -140.0, 80.0, -10.0, -130.0, -140.0, -190.0, 20.0, -200.0], "episode_types": ["t", "t", "t", "t", "t", "t", "t", "t", "t", "t", "t", "t", "t", "t", "t", "t", "t"]}