{"timestamps": [1511505557.694114, 1511505569.621772, 1511505580.779117, 1511505591.856111, 1511505602.863837, 1511505614.226658, 1511505625.562568, 1511505636.870063], "initial_reset_timestamp": 1511505545.477886, "episode_lengths": [601, 601, 601, 601, 601, 601, 601, 601], "episode_rewards": [6.0, 6.0, 6.0, 3.0, 6.0, 0.0, 0.0, 9.0], "episode_types": ["t", "t", "t", "t", "t", "t", "t", "t", "t"]}