{"timestamps": [1511505071.487581, 1511505074.806084, 1511505077.486064, 1511505080.027615, 1511505082.561798, 1511505085.127451, 1511505087.713972, 1511505090.298983], "initial_reset_timestamp": 1511505068.143058, "episode_lengths": [601, 601, 601, 601, 601, 601, 601, 601], "episode_rewards": [4.0, 5.0, 2.0, 6.0, 8.0, 10.0, 9.0, 5.0], "episode_types": ["t", "t", "t", "t", "t", "t", "t", "t", "t"]}