{"timestamps": [1511506948.742306, 1511506960.145296, 1511506971.184841, 1511506982.285762], "initial_reset_timestamp": 1511506937.849976, "episode_lengths": [601, 601, 601, 601], "episode_rewards": [6.0, 8.0, 1.0, 4.0], "episode_types": ["t", "t", "t", "t", "t"]}