{"timestamps": [1511505345.778566, 1511505351.801222, 1511505357.11206, 1511505362.385652, 1511505367.629547, 1511505372.865772, 1511505378.105804, 1511505383.388531], "initial_reset_timestamp": 1511505339.709313, "episode_lengths": [601, 601, 601, 601, 601, 601, 601, 601], "episode_rewards": [4.0, 12.0, 6.0, 6.0, 2.0, 20.0, 3.0, 9.0], "episode_types": ["t", "t", "t", "t", "t", "t", "t", "t", "t"]}