{"episode_types": ["t", "t", "t", "t", "t", "t", "t", "t", "t"], "episode_rewards": [-790.0, -290.0, -380.0, -500.0, -680.0, -800.0, -170.0, -380.0], "episode_lengths": [601, 601, 601, 601, 601, 601, 601, 601], "timestamps": [1511299676.510156, 1511299678.668928, 1511299680.243428, 1511299682.808158, 1511299685.574199, 1511299688.149812, 1511299690.821646, 1511299693.666303], "initial_reset_timestamp": 1511299673.962417}