{"episode_types": ["t", "t"], "episode_rewards": [-21.0], "episode_lengths": [3056], "timestamps": [1511299558.398414], "initial_reset_timestamp": 1511299544.070448}